{
    "accuracy": 0.5760869565217391,
    "precision": 0.3562788018433179,
    "precision_per_class": {
        "0": 0.0,
        "1": 0.27419354838709675,
        "2": 0.7946428571428571
    }
}