{
    "accuracy": 0.35714285714285715,
    "precision": 0.23611111111111108,
    "precision_per_class": {
        "0": 0.0,
        "1": 0.3333333333333333,
        "2": 0.375
    }
}