{
    "accuracy": 0.7482014388489209,
    "precision": 0.7438459938459939,
    "precision_per_class": {
        "0": 0.8986486486486487,
        "1": 0.6503496503496503,
        "2": 0.6825396825396826
    }
}