{
    "accuracy": 0.7065217391304348,
    "precision": 0.3368263473053892,
    "precision_per_class": {
        "0": 0.0,
        "1": 0.25,
        "2": 0.7604790419161677
    }
}