{
    "accuracy": 0.8752997601918465,
    "precision": 0.8747006432747884,
    "precision_per_class": {
        "0": 0.9716312056737588,
        "1": 0.8057553956834532,
        "2": 0.8467153284671532
    }
}